epoch,train_loss,val_loss,train_acc,train_prec,train_rec,train_f1,val_acc,val_prec,val_rec,val_f1
1,0.7668767006406185,1.1368556676744466,0.8057972954880172,0.7824708087069339,0.7958944281524927,0.7891255360907174,0.575790152655343,0.6472491909385113,0.3423192126658109,0.44780296669465436
2,0.3482546876482032,1.0641370827960497,0.930010710938546,0.9384253283729406,0.906158357771261,0.9220096229159673,0.6078262739195872,0.6280579131303046,0.5382969619169876,0.5797235023041475
3,0.2946946477076825,0.9916561992930689,0.9616079796492167,0.9623269928206647,0.9532258064516129,0.957754778829509,0.5927757471511503,0.6192784060312332,0.49208386820710315,0.5484024797329519
4,0.265004709548525,1.010091540480757,0.9800843486410497,0.9807621434362792,0.9755131964809384,0.978130628147168,0.5284884970973984,0.5334261838440112,0.49165596919127086,0.511690046760187
