Model,Accuracy,F1 Score,ROC AUC
Focused XGBoost,0.77431906614786,0.7314814814814815,0.839173405211141
Stacked Ensemble,0.77431906614786,0.7238095238095238,0.8387883455268901
